opponent,contrast,metric,effect,bootstrap_low,bootstrap_high,seed_clusters,seed_differences
pooled,feed-baseline,match_score,0.0,-0.25,0.25,4,"{""1501"":-0.25,""1502"":-0.25,""1503"":0.25,""1504"":0.25}"
pooled,feed-baseline,coins,426.125,153.75,698.5,4,"{""1501"":160.5,""1502"":147.0,""1503"":533.0,""1504"":864.0}"
pooled,feed-baseline,coin_margin,428.625,155.0,702.25,4,"{""1501"":162.0,""1502"":148.0,""1503"":535.5,""1504"":869.0}"
pooled,feed-baseline,fed_units,-2.5,-2.5,-2.5,4,"{""1501"":-2.5,""1502"":-2.5,""1503"":-2.5,""1504"":-2.5}"
pooled,feed-baseline,commands_CARE,0.0,0.0,0.0,4,"{""1501"":0.0,""1502"":0.0,""1503"":0.0,""1504"":0.0}"
pooled,feed-baseline,applied_units,0.0,0.0,0.0,4,"{""1501"":0.0,""1502"":0.0,""1503"":0.0,""1504"":0.0}"
pooled,feed-baseline,escaped_animals,0.0,0.0,0.0,4,"{""1501"":0.0,""1502"":0.0,""1503"":0.0,""1504"":0.0}"
pooled,feed-baseline,discarded_units,0.0,0.0,0.0,4,"{""1501"":0.0,""1502"":0.0,""1503"":0.0,""1504"":0.0}"
pooled,feed-baseline,terminal_feed,-2.5,-2.5,-2.5,4,"{""1501"":-2.5,""1502"":-2.5,""1503"":-2.5,""1504"":-2.5}"
pooled,feed-baseline,terminal_noops,0.0,0.0,0.0,4,"{""1501"":0.0,""1502"":0.0,""1503"":0.0,""1504"":0.0}"
pooled,feed-baseline,residual_product_units,-2.125,-6.0,1.0,4,"{""1501"":0.0,""1502"":2.0,""1503"":-8.0,""1504"":-2.5}"
pooled,feed-baseline,uncollected_manure_slots,0.0,0.0,0.0,4,"{""1501"":0.0,""1502"":0.0,""1503"":0.0,""1504"":0.0}"
pooled,feed-baseline,overflow_production_units,0.0,0.0,0.0,4,"{""1501"":0.0,""1502"":0.0,""1503"":0.0,""1504"":0.0}"
pooled,joint-feed,match_score,0.25,0.0,0.5,4,"{""1501"":0.5,""1502"":0.5,""1503"":0.0,""1504"":0.0}"
pooled,joint-feed,coins,321.75,-30.5,674.0,4,"{""1501"":501.0,""1502"":847.0,""1503"":-193.0,""1504"":132.0}"
pooled,joint-feed,coin_margin,317.5,-35.5,670.5,4,"{""1501"":497.5,""1502"":843.5,""1503"":-196.5,""1504"":125.5}"
pooled,joint-feed,fed_units,0.0,0.0,0.0,4,"{""1501"":0.0,""1502"":0.0,""1503"":0.0,""1504"":0.0}"
pooled,joint-feed,commands_CARE,0.0,0.0,0.0,4,"{""1501"":0.0,""1502"":0.0,""1503"":0.0,""1504"":0.0}"
pooled,joint-feed,applied_units,0.0,0.0,0.0,4,"{""1501"":0.0,""1502"":0.0,""1503"":0.0,""1504"":0.0}"
pooled,joint-feed,escaped_animals,0.0,0.0,0.0,4,"{""1501"":0.0,""1502"":0.0,""1503"":0.0,""1504"":0.0}"
pooled,joint-feed,discarded_units,0.0,0.0,0.0,4,"{""1501"":0.0,""1502"":0.0,""1503"":0.0,""1504"":0.0}"
pooled,joint-feed,terminal_feed,0.0,0.0,0.0,4,"{""1501"":0.0,""1502"":0.0,""1503"":0.0,""1504"":0.0}"
pooled,joint-feed,terminal_noops,0.0,0.0,0.0,4,"{""1501"":0.0,""1502"":0.0,""1503"":0.0,""1504"":0.0}"
pooled,joint-feed,residual_product_units,-3.75,-7.0,-1.0,4,"{""1501"":-4.0,""1502"":-8.5,""1503"":0.0,""1504"":-2.5}"
pooled,joint-feed,uncollected_manure_slots,0.0,0.0,0.0,4,"{""1501"":0.0,""1502"":0.0,""1503"":0.0,""1504"":0.0}"
pooled,joint-feed,overflow_production_units,0.0,0.0,0.0,4,"{""1501"":0.0,""1502"":0.0,""1503"":0.0,""1504"":0.0}"
pooled,joint-baseline,match_score,0.25,0.25,0.25,4,"{""1501"":0.25,""1502"":0.25,""1503"":0.25,""1504"":0.25}"
pooled,joint-baseline,coins,747.875,500.75,995.0,4,"{""1501"":661.5,""1502"":994.0,""1503"":340.0,""1504"":996.0}"
pooled,joint-baseline,coin_margin,746.125,499.25,993.0,4,"{""1501"":659.5,""1502"":991.5,""1503"":339.0,""1504"":994.5}"
pooled,joint-baseline,fed_units,-2.5,-2.5,-2.5,4,"{""1501"":-2.5,""1502"":-2.5,""1503"":-2.5,""1504"":-2.5}"
pooled,joint-baseline,commands_CARE,0.0,0.0,0.0,4,"{""1501"":0.0,""1502"":0.0,""1503"":0.0,""1504"":0.0}"
pooled,joint-baseline,applied_units,0.0,0.0,0.0,4,"{""1501"":0.0,""1502"":0.0,""1503"":0.0,""1504"":0.0}"
pooled,joint-baseline,escaped_animals,0.0,0.0,0.0,4,"{""1501"":0.0,""1502"":0.0,""1503"":0.0,""1504"":0.0}"
pooled,joint-baseline,discarded_units,0.0,0.0,0.0,4,"{""1501"":0.0,""1502"":0.0,""1503"":0.0,""1504"":0.0}"
pooled,joint-baseline,terminal_feed,-2.5,-2.5,-2.5,4,"{""1501"":-2.5,""1502"":-2.5,""1503"":-2.5,""1504"":-2.5}"
pooled,joint-baseline,terminal_noops,0.0,0.0,0.0,4,"{""1501"":0.0,""1502"":0.0,""1503"":0.0,""1504"":0.0}"
pooled,joint-baseline,residual_product_units,-5.875,-7.25,-4.5,4,"{""1501"":-4.0,""1502"":-6.5,""1503"":-8.0,""1504"":-5.0}"
pooled,joint-baseline,uncollected_manure_slots,0.0,0.0,0.0,4,"{""1501"":0.0,""1502"":0.0,""1503"":0.0,""1504"":0.0}"
pooled,joint-baseline,overflow_production_units,0.0,0.0,0.0,4,"{""1501"":0.0,""1502"":0.0,""1503"":0.0,""1504"":0.0}"
livestock_fertilizer,feed-baseline,match_score,0.0,-0.5,0.5,4,"{""1501"":-0.5,""1502"":-0.5,""1503"":0.5,""1504"":0.5}"
livestock_fertilizer,feed-baseline,coins,243.75,-448.5,958.25,4,"{""1501"":-319.0,""1502"":-578.0,""1503"":488.0,""1504"":1384.0}"
livestock_fertilizer,feed-baseline,coin_margin,248.75,-446.0,966.5,4,"{""1501"":-316.0,""1502"":-576.0,""1503"":493.0,""1504"":1394.0}"
livestock_fertilizer,feed-baseline,fed_units,-2.0,-2.0,-2.0,4,"{""1501"":-2.0,""1502"":-2.0,""1503"":-2.0,""1504"":-2.0}"
livestock_fertilizer,feed-baseline,commands_CARE,0.0,0.0,0.0,4,"{""1501"":0.0,""1502"":0.0,""1503"":0.0,""1504"":0.0}"
livestock_fertilizer,feed-baseline,applied_units,0.0,0.0,0.0,4,"{""1501"":0.0,""1502"":0.0,""1503"":0.0,""1504"":0.0}"
livestock_fertilizer,feed-baseline,escaped_animals,0.0,0.0,0.0,4,"{""1501"":0.0,""1502"":0.0,""1503"":0.0,""1504"":0.0}"
livestock_fertilizer,feed-baseline,discarded_units,0.0,0.0,0.0,4,"{""1501"":0.0,""1502"":0.0,""1503"":0.0,""1504"":0.0}"
livestock_fertilizer,feed-baseline,terminal_feed,-2.0,-2.0,-2.0,4,"{""1501"":-2.0,""1502"":-2.0,""1503"":-2.0,""1504"":-2.0}"
livestock_fertilizer,feed-baseline,terminal_noops,0.0,0.0,0.0,4,"{""1501"":0.0,""1502"":0.0,""1503"":0.0,""1504"":0.0}"
livestock_fertilizer,feed-baseline,residual_product_units,-1.75,-7.5,4.0,4,"{""1501"":3.0,""1502"":5.0,""1503"":-7.0,""1504"":-8.0}"
livestock_fertilizer,feed-baseline,uncollected_manure_slots,0.0,0.0,0.0,4,"{""1501"":0.0,""1502"":0.0,""1503"":0.0,""1504"":0.0}"
livestock_fertilizer,feed-baseline,overflow_production_units,0.0,0.0,0.0,4,"{""1501"":0.0,""1502"":0.0,""1503"":0.0,""1504"":0.0}"
livestock_fertilizer,joint-feed,match_score,0.5,0.0,1.0,4,"{""1501"":1.0,""1502"":1.0,""1503"":0.0,""1504"":0.0}"
livestock_fertilizer,joint-feed,coins,358.75,-90.5,808.0,4,"{""1501"":591.0,""1502"":1025.0,""1503"":-89.0,""1504"":-92.0}"
livestock_fertilizer,joint-feed,coin_margin,350.25,-100.5,801.0,4,"{""1501"":584.0,""1502"":1018.0,""1503"":-96.0,""1504"":-105.0}"
livestock_fertilizer,joint-feed,fed_units,0.0,0.0,0.0,4,"{""1501"":0.0,""1502"":0.0,""1503"":0.0,""1504"":0.0}"
livestock_fertilizer,joint-feed,commands_CARE,0.0,0.0,0.0,4,"{""1501"":0.0,""1502"":0.0,""1503"":0.0,""1504"":0.0}"
livestock_fertilizer,joint-feed,applied_units,0.0,0.0,0.0,4,"{""1501"":0.0,""1502"":0.0,""1503"":0.0,""1504"":0.0}"
livestock_fertilizer,joint-feed,escaped_animals,0.0,0.0,0.0,4,"{""1501"":0.0,""1502"":0.0,""1503"":0.0,""1504"":0.0}"
livestock_fertilizer,joint-feed,discarded_units,0.0,0.0,0.0,4,"{""1501"":0.0,""1502"":0.0,""1503"":0.0,""1504"":0.0}"
livestock_fertilizer,joint-feed,terminal_feed,0.0,0.0,0.0,4,"{""1501"":0.0,""1502"":0.0,""1503"":0.0,""1504"":0.0}"
livestock_fertilizer,joint-feed,terminal_noops,0.0,0.0,0.0,4,"{""1501"":0.0,""1502"":0.0,""1503"":0.0,""1504"":0.0}"
livestock_fertilizer,joint-feed,residual_product_units,-4.5,-9.25,-0.5,4,"{""1501"":-5.0,""1502"":-12.0,""1503"":0.0,""1504"":-1.0}"
livestock_fertilizer,joint-feed,uncollected_manure_slots,0.0,0.0,0.0,4,"{""1501"":0.0,""1502"":0.0,""1503"":0.0,""1504"":0.0}"
livestock_fertilizer,joint-feed,overflow_production_units,0.0,0.0,0.0,4,"{""1501"":0.0,""1502"":0.0,""1503"":0.0,""1504"":0.0}"
livestock_fertilizer,joint-baseline,match_score,0.5,0.5,0.5,4,"{""1501"":0.5,""1502"":0.5,""1503"":0.5,""1504"":0.5}"
livestock_fertilizer,joint-baseline,coins,602.5,315.75,1068.75,4,"{""1501"":272.0,""1502"":447.0,""1503"":399.0,""1504"":1292.0}"
livestock_fertilizer,joint-baseline,coin_margin,599.0,311.5,1066.0,4,"{""1501"":268.0,""1502"":442.0,""1503"":397.0,""1504"":1289.0}"
livestock_fertilizer,joint-baseline,fed_units,-2.0,-2.0,-2.0,4,"{""1501"":-2.0,""1502"":-2.0,""1503"":-2.0,""1504"":-2.0}"
livestock_fertilizer,joint-baseline,commands_CARE,0.0,0.0,0.0,4,"{""1501"":0.0,""1502"":0.0,""1503"":0.0,""1504"":0.0}"
livestock_fertilizer,joint-baseline,applied_units,0.0,0.0,0.0,4,"{""1501"":0.0,""1502"":0.0,""1503"":0.0,""1504"":0.0}"
livestock_fertilizer,joint-baseline,escaped_animals,0.0,0.0,0.0,4,"{""1501"":0.0,""1502"":0.0,""1503"":0.0,""1504"":0.0}"
livestock_fertilizer,joint-baseline,discarded_units,0.0,0.0,0.0,4,"{""1501"":0.0,""1502"":0.0,""1503"":0.0,""1504"":0.0}"
livestock_fertilizer,joint-baseline,terminal_feed,-2.0,-2.0,-2.0,4,"{""1501"":-2.0,""1502"":-2.0,""1503"":-2.0,""1504"":-2.0}"
livestock_fertilizer,joint-baseline,terminal_noops,0.0,0.0,0.0,4,"{""1501"":0.0,""1502"":0.0,""1503"":0.0,""1504"":0.0}"
livestock_fertilizer,joint-baseline,residual_product_units,-6.25,-8.5,-3.25,4,"{""1501"":-2.0,""1502"":-7.0,""1503"":-7.0,""1504"":-9.0}"
livestock_fertilizer,joint-baseline,uncollected_manure_slots,0.0,0.0,0.0,4,"{""1501"":0.0,""1502"":0.0,""1503"":0.0,""1504"":0.0}"
livestock_fertilizer,joint-baseline,overflow_production_units,0.0,0.0,0.0,4,"{""1501"":0.0,""1502"":0.0,""1503"":0.0,""1504"":0.0}"
melon_specialist,feed-baseline,match_score,0.0,0.0,0.0,4,"{""1501"":0.0,""1502"":0.0,""1503"":0.0,""1504"":0.0}"
melon_specialist,feed-baseline,coins,608.5,418.0,798.5,4,"{""1501"":640.0,""1502"":872.0,""1503"":578.0,""1504"":344.0}"
melon_specialist,feed-baseline,coin_margin,608.5,418.0,798.5,4,"{""1501"":640.0,""1502"":872.0,""1503"":578.0,""1504"":344.0}"
melon_specialist,feed-baseline,fed_units,-3.0,-3.0,-3.0,4,"{""1501"":-3.0,""1502"":-3.0,""1503"":-3.0,""1504"":-3.0}"
melon_specialist,feed-baseline,commands_CARE,0.0,0.0,0.0,4,"{""1501"":0.0,""1502"":0.0,""1503"":0.0,""1504"":0.0}"
melon_specialist,feed-baseline,applied_units,0.0,0.0,0.0,4,"{""1501"":0.0,""1502"":0.0,""1503"":0.0,""1504"":0.0}"
melon_specialist,feed-baseline,escaped_animals,0.0,0.0,0.0,4,"{""1501"":0.0,""1502"":0.0,""1503"":0.0,""1504"":0.0}"
melon_specialist,feed-baseline,discarded_units,0.0,0.0,0.0,4,"{""1501"":0.0,""1502"":0.0,""1503"":0.0,""1504"":0.0}"
melon_specialist,feed-baseline,terminal_feed,-3.0,-3.0,-3.0,4,"{""1501"":-3.0,""1502"":-3.0,""1503"":-3.0,""1504"":-3.0}"
melon_specialist,feed-baseline,terminal_noops,0.0,0.0,0.0,4,"{""1501"":0.0,""1502"":0.0,""1503"":0.0,""1504"":0.0}"
melon_specialist,feed-baseline,residual_product_units,-2.5,-7.0,1.5,4,"{""1501"":-3.0,""1502"":-1.0,""1503"":-9.0,""1504"":3.0}"
melon_specialist,feed-baseline,uncollected_manure_slots,0.0,0.0,0.0,4,"{""1501"":0.0,""1502"":0.0,""1503"":0.0,""1504"":0.0}"
melon_specialist,feed-baseline,overflow_production_units,0.0,0.0,0.0,4,"{""1501"":0.0,""1502"":0.0,""1503"":0.0,""1504"":0.0}"
melon_specialist,joint-feed,match_score,0.0,0.0,0.0,4,"{""1501"":0.0,""1502"":0.0,""1503"":0.0,""1504"":0.0}"
melon_specialist,joint-feed,coins,284.75,-120.0,590.75,4,"{""1501"":411.0,""1502"":669.0,""1503"":-297.0,""1504"":356.0}"
melon_specialist,joint-feed,coin_margin,284.75,-120.0,590.75,4,"{""1501"":411.0,""1502"":669.0,""1503"":-297.0,""1504"":356.0}"
melon_specialist,joint-feed,fed_units,0.0,0.0,0.0,4,"{""1501"":0.0,""1502"":0.0,""1503"":0.0,""1504"":0.0}"
melon_specialist,joint-feed,commands_CARE,0.0,0.0,0.0,4,"{""1501"":0.0,""1502"":0.0,""1503"":0.0,""1504"":0.0}"
melon_specialist,joint-feed,applied_units,0.0,0.0,0.0,4,"{""1501"":0.0,""1502"":0.0,""1503"":0.0,""1504"":0.0}"
melon_specialist,joint-feed,escaped_animals,0.0,0.0,0.0,4,"{""1501"":0.0,""1502"":0.0,""1503"":0.0,""1504"":0.0}"
melon_specialist,joint-feed,discarded_units,0.0,0.0,0.0,4,"{""1501"":0.0,""1502"":0.0,""1503"":0.0,""1504"":0.0}"
melon_specialist,joint-feed,terminal_feed,0.0,0.0,0.0,4,"{""1501"":0.0,""1502"":0.0,""1503"":0.0,""1504"":0.0}"
melon_specialist,joint-feed,terminal_noops,0.0,0.0,0.0,4,"{""1501"":0.0,""1502"":0.0,""1503"":0.0,""1504"":0.0}"
melon_specialist,joint-feed,residual_product_units,-3.0,-4.5,-1.0,4,"{""1501"":-3.0,""1502"":-5.0,""1503"":0.0,""1504"":-4.0}"
melon_specialist,joint-feed,uncollected_manure_slots,0.0,0.0,0.0,4,"{""1501"":0.0,""1502"":0.0,""1503"":0.0,""1504"":0.0}"
melon_specialist,joint-feed,overflow_production_units,0.0,0.0,0.0,4,"{""1501"":0.0,""1502"":0.0,""1503"":0.0,""1504"":0.0}"
melon_specialist,joint-baseline,match_score,0.0,0.0,0.0,4,"{""1501"":0.0,""1502"":0.0,""1503"":0.0,""1504"":0.0}"
melon_specialist,joint-baseline,coins,893.25,473.5,1330.75,4,"{""1501"":1051.0,""1502"":1541.0,""1503"":281.0,""1504"":700.0}"
melon_specialist,joint-baseline,coin_margin,893.25,473.5,1330.75,4,"{""1501"":1051.0,""1502"":1541.0,""1503"":281.0,""1504"":700.0}"
melon_specialist,joint-baseline,fed_units,-3.0,-3.0,-3.0,4,"{""1501"":-3.0,""1502"":-3.0,""1503"":-3.0,""1504"":-3.0}"
melon_specialist,joint-baseline,commands_CARE,0.0,0.0,0.0,4,"{""1501"":0.0,""1502"":0.0,""1503"":0.0,""1504"":0.0}"
melon_specialist,joint-baseline,applied_units,0.0,0.0,0.0,4,"{""1501"":0.0,""1502"":0.0,""1503"":0.0,""1504"":0.0}"
melon_specialist,joint-baseline,escaped_animals,0.0,0.0,0.0,4,"{""1501"":0.0,""1502"":0.0,""1503"":0.0,""1504"":0.0}"
melon_specialist,joint-baseline,discarded_units,0.0,0.0,0.0,4,"{""1501"":0.0,""1502"":0.0,""1503"":0.0,""1504"":0.0}"
melon_specialist,joint-baseline,terminal_feed,-3.0,-3.0,-3.0,4,"{""1501"":-3.0,""1502"":-3.0,""1503"":-3.0,""1504"":-3.0}"
melon_specialist,joint-baseline,terminal_noops,0.0,0.0,0.0,4,"{""1501"":0.0,""1502"":0.0,""1503"":0.0,""1504"":0.0}"
melon_specialist,joint-baseline,residual_product_units,-5.5,-8.25,-2.25,4,"{""1501"":-6.0,""1502"":-6.0,""1503"":-9.0,""1504"":-1.0}"
melon_specialist,joint-baseline,uncollected_manure_slots,0.0,0.0,0.0,4,"{""1501"":0.0,""1502"":0.0,""1503"":0.0,""1504"":0.0}"
melon_specialist,joint-baseline,overflow_production_units,0.0,0.0,0.0,4,"{""1501"":0.0,""1502"":0.0,""1503"":0.0,""1504"":0.0}"
